{
  "epoch": [
    1,
    2,
    3,
    4,
    5,
    6,
    7,
    8,
    9,
    10,
    11,
    12,
    13,
    14,
    15,
    16,
    17,
    18,
    19,
    20
  ],
  "train_loss": [
    1.7249688545862834,
    1.1459940760294596,
    0.8131630921681722,
    0.6277180459340413,
    0.5225126635975308,
    0.4690345043712192,
    0.4272617476940155,
    0.3893390915605757,
    0.37314844972822403,
    0.35972799428304036,
    0.34033038834995694,
    0.3323806285646227,
    0.32054341012107,
    0.3148472969849904,
    0.3022045153035058,
    0.2913924543592665,
    0.2928075597524643,
    0.28040984257062274,
    0.2763887550791105,
    0.2733838688029183
  ],
  "retain_acc": [
    0.449,
    0.6524444444444445,
    0.6935555555555556,
    0.7733333333333333,
    0.8035555555555556,
    0.8217777777777778,
    0.8023333333333333,
    0.7997777777777778,
    0.8566666666666667,
    0.8342222222222222,
    0.8117777777777778,
    0.8542222222222222,
    0.8721111111111111,
    0.8276666666666667,
    0.8722222222222222,
    0.8613333333333333,
    0.8558888888888889,
    0.8744444444444445,
    0.8461111111111111,
    0.862
  ],
  "forget_acc": [
    0.0,
    0.0,
    0.0,
    0.0,
    0.0,
    0.0,
    0.0,
    0.0,
    0.0,
    0.0,
    0.0,
    0.0,
    0.0,
    0.0,
    0.0,
    0.0,
    0.0,
    0.0,
    0.0,
    0.0
  ]
}