{
  "epoch": [
    1,
    2,
    3,
    4,
    5
  ],
  "train_loss": [
    0.217840151558982,
    0.1576546911517779,
    0.13852550964620378,
    0.12284321641657088,
    0.11249948216544257
  ],
  "retain_acc": [
    0.9276666666666666,
    0.9351111111111111,
    0.9368888888888889,
    0.9412222222222222,
    0.9413333333333334
  ],
  "forget_acc": [
    0.133,
    0.095,
    0.072,
    0.058,
    0.044
  ]
}