{
  "epoch": [
    1,
    2,
    3,
    4,
    5
  ],
  "train_loss": [
    2.0959658153533938,
    1.6742899215698241,
    1.2538985034942627,
    0.8836173042297363,
    0.5226927089214325
  ],
  "retain_acc": [
    0.8465555555555555,
    0.8403333333333334,
    0.8378888888888889,
    0.8444444444444444,
    0.8207777777777778
  ],
  "forget_acc": [
    0.108,
    0.085,
    0.093,
    0.095,
    0.114
  ]
}