{
  "epoch": [
    1,
    2,
    3,
    4,
    5
  ],
  "train_loss": [
    2.0555505252838135,
    1.5917789588928222,
    1.1991600324630738,
    0.8118990450859069,
    0.45040066804885864
  ],
  "retain_acc": [
    0.826,
    0.8403333333333334,
    0.851,
    0.8474444444444444,
    0.8435555555555555
  ],
  "forget_acc": [
    0.145,
    0.147,
    0.14,
    0.093,
    0.104
  ]
}