{
  "epoch": [
    1,
    2,
    3,
    4,
    5
  ],
  "train_loss": [
    0.22823018774986267,
    0.21919860351085663,
    0.20324305579662322,
    0.19737876888513564,
    0.18121435990333556
  ],
  "retain_acc": [
    0.8372222222222222,
    0.8368888888888889,
    0.8418888888888889,
    0.8345555555555556,
    0.8381111111111111
  ],
  "forget_acc": [
    0.131,
    0.089,
    0.13,
    0.1,
    0.086
  ]
}