{
  "epoch": [
    1,
    2,
    3,
    4,
    5
  ],
  "train_loss": [
    1.9776309310913085,
    1.5603792148590088,
    1.177666473388672,
    0.7899293356895447,
    0.43054501981735227
  ],
  "retain_acc": [
    0.841,
    0.838,
    0.8373333333333334,
    0.8364444444444444,
    0.8436666666666667
  ],
  "forget_acc": [
    0.103,
    0.075,
    0.078,
    0.069,
    0.157
  ]
}