{
  "epoch": [
    1,
    2,
    3,
    4,
    5
  ],
  "train_loss": [
    6.792722172546386,
    5.453040306091308,
    4.077733710479737,
    2.774655736541748,
    1.4789593423843383
  ],
  "retain_acc": [
    0.8211111111111111,
    0.8647777777777778,
    0.8446666666666667,
    0.847,
    0.8327777777777777
  ],
  "forget_acc": [
    0.093,
    0.17,
    0.067,
    0.073,
    0.098
  ]
}