{
  "epoch": [
    1,
    2,
    3,
    4,
    5
  ],
  "train_loss": [
    2.124226916885376,
    1.6701118337631227,
    1.2592871395111085,
    0.8871086431503296,
    0.5232506772041321
  ],
  "retain_acc": [
    0.8452222222222222,
    0.8366666666666667,
    0.853,
    0.849,
    0.8331111111111111
  ],
  "forget_acc": [
    0.177,
    0.132,
    0.087,
    0.182,
    0.095
  ]
}