{
  "epoch": [
    1,
    2,
    3,
    4,
    5,
    6,
    7,
    8,
    9,
    10,
    11,
    12,
    13,
    14,
    15,
    16,
    17,
    18,
    19,
    20
  ],
  "train_loss": [
    1.1244337907042206,
    0.17590701262641725,
    0.09220607308857769,
    0.0665588886400205,
    0.053622538609762724,
    0.04868857150888705,
    0.04629897540312964,
    0.0401836900956564,
    0.04088750079175771,
    0.039864945060068914,
    0.03950105224877093,
    0.03631971796554114,
    0.03854391639848366,
    0.038322993521170856,
    0.03652706525424705,
    0.03534327865639073,
    0.03327641813784501,
    0.035159634587331845,
    0.03680949292310206,
    0.03358580023638814
  ],
  "retain_acc": [
    0.9265850945494994,
    0.9670745272525028,
    0.9802002224694104,
    0.9863181312569522,
    0.9869855394883204,
    0.98587319243604,
    0.9859844271412681,
    0.9882091212458287,
    0.9773081201334817,
    0.9869855394883204,
    0.9887652947719688,
    0.9895439377085651,
    0.9867630700778643,
    0.9827586206896551,
    0.9794215795328143,
    0.9887652947719688,
    0.9862068965517241,
    0.9898776418242492,
    0.9907675194660734,
    0.9827586206896551
  ],
  "forget_acc": [
    0.0,
    0.0,
    0.0,
    0.0,
    0.0,
    0.0,
    0.0,
    0.0,
    0.0,
    0.0,
    0.0,
    0.0,
    0.0,
    0.0,
    0.0,
    0.0,
    0.0,
    0.0,
    0.0,
    0.0
  ]
}