{
  "epoch": [
    1,
    2,
    3,
    4,
    5
  ],
  "train_loss": [
    0.017084380333533686,
    0.010904333281449486,
    0.008904779162710354,
    0.007774894296225744,
    0.006678782194155335
  ],
  "retain_acc": [
    0.9938820912124583,
    0.9943270300333704,
    0.9948832035595105,
    0.9948832035595105,
    0.9951056729699667
  ],
  "forget_acc": [
    0.9762376237623762,
    0.9653465346534653,
    0.9603960396039604,
    0.9504950495049505,
    0.9297029702970298
  ]
}