{
  "epoch": [
    1,
    2,
    3,
    4,
    5
  ],
  "train_loss": [
    2.4492589796839677,
    1.4576859435100304,
    0.9547403906652033,
    0.6247343325902696,
    0.35549204550468405
  ],
  "retain_acc": [
    0.9458286985539488,
    0.9340378197997775,
    0.9339265850945495,
    0.9334816462736374,
    0.9299221357063404
  ],
  "forget_acc": [
    0.2722772277227723,
    0.22178217821782178,
    0.21089108910891088,
    0.19504950495049506,
    0.15544554455445544
  ]
}