{
  "epoch": [
    1,
    2,
    3,
    4,
    5
  ],
  "train_loss": [
    0.01693269748466551,
    0.01063785520955431,
    0.008653587557363814,
    0.006900400874684711,
    0.0057768967917260616
  ],
  "seen_acc": [
    0.9945494994438264,
    0.9947719688542825,
    0.9947719688542825,
    0.9946607341490545,
    0.9941045606229143
  ],
  "blind_acc": [
    0.9603960396039604,
    0.9376237623762376,
    0.9178217821782179,
    0.8960396039603961,
    0.7881188118811882
  ]
}