{
  "epoch": [
    1,
    2,
    3,
    4,
    5
  ],
  "train_loss": [
    0.20900440018441943,
    0.15186745204925536,
    0.13488760945002237,
    0.11672022416591644,
    0.10515567053953806
  ],
  "seen_acc": [
    0.9303333333333333,
    0.9368888888888889,
    0.9405555555555556,
    0.9391111111111111,
    0.9415555555555556
  ],
  "blind_acc": [
    0.085,
    0.053,
    0.049,
    0.032,
    0.014
  ]
}