{
  "epoch": [
    1,
    2,
    3,
    4,
    5
  ],
  "train_loss": [
    0.016595571214161418,
    0.010258916064242746,
    0.00838541105955304,
    0.006229620282467608,
    0.004804400650845381
  ],
  "seen_acc": [
    0.9948729380294249,
    0.9952073116362015,
    0.9950958537672759,
    0.9950958537672759,
    0.9953187695051271
  ],
  "blind_acc": [
    0.9357976653696498,
    0.9114785992217899,
    0.8171206225680934,
    0.7675097276264592,
    0.6566147859922179
  ]
}