{
  "epoch": [
    1,
    2,
    3,
    4,
    5
  ],
  "train_loss": [
    0.26561681531535253,
    0.20320497814416885,
    0.1739707063568963,
    0.15797639581627315,
    0.1445987795220481
  ],
  "seen_acc": [
    0.9096666666666666,
    0.9146666666666666,
    0.9164444444444444,
    0.9213333333333333,
    0.9223333333333333
  ],
  "blind_acc": [
    0.4,
    0.285,
    0.232,
    0.141,
    0.124
  ]
}