{
  "epoch": [
    1,
    2,
    3,
    4,
    5
  ],
  "train_loss": [
    0.25820120808283487,
    0.1984414825267262,
    0.17459323523309495,
    0.15652835705810123,
    0.13790289856062996
  ],
  "seen_acc": [
    0.9098888888888889,
    0.9174444444444444,
    0.9155555555555556,
    0.9188888888888889,
    0.9188888888888889
  ],
  "blind_acc": [
    0.452,
    0.416,
    0.283,
    0.263,
    0.229
  ]
}