{
  "epoch": [
    1,
    2,
    3,
    4,
    5
  ],
  "train_loss": [
    0.2214271802796258,
    0.1634316438767645,
    0.14007304701540205,
    0.12556879658963946,
    0.11205751656956142
  ],
  "seen_acc": [
    0.9248888888888889,
    0.9343333333333333,
    0.9336666666666666,
    0.933,
    0.9362222222222222
  ],
  "blind_acc": [
    0.073,
    0.048,
    0.054,
    0.015,
    0.006
  ]
}