{
  "epoch": [
    1,
    2,
    3,
    4,
    5
  ],
  "train_loss": [
    0.017173664644241096,
    0.010199967484306188,
    0.00837756468020974,
    0.0069380415387900905,
    0.006062139155032341
  ],
  "seen_acc": [
    0.9950592885375494,
    0.9951690821256038,
    0.9954984628897673,
    0.9954984628897673,
    0.9952788757136584
  ],
  "blind_acc": [
    0.9708520179372198,
    0.9573991031390134,
    0.9002242152466368,
    0.844170403587444,
    0.7522421524663677
  ]
}