{
  "epoch": [
    1,
    2,
    3,
    4,
    5
  ],
  "train_loss": [
    0.27369273001352945,
    0.20779268701871237,
    0.17977908086776734,
    0.1620341159661611,
    0.1451453319698572
  ],
  "seen_acc": [
    0.908,
    0.9127777777777778,
    0.9168888888888889,
    0.9208888888888889,
    0.9201111111111111
  ],
  "blind_acc": [
    0.563,
    0.483,
    0.417,
    0.305,
    0.302
  ]
}