{
  "epoch": [
    1,
    2,
    3,
    4,
    5
  ],
  "train_loss": [
    0.015932818495440287,
    0.009197338147518991,
    0.007423112173060655,
    0.006072646904491628,
    0.005361746746033008
  ],
  "seen_acc": [
    0.9961072183294406,
    0.9961072183294406,
    0.9961072183294406,
    0.9961072183294406,
    0.9958847736625515
  ],
  "blind_acc": [
    0.9217046580773043,
    0.9018830525272548,
    0.8097125867195243,
    0.8156590683845392,
    0.643211100099108
  ]
}