{
  "epoch": [
    1,
    2,
    3,
    4,
    5
  ],
  "train_loss": [
    0.018546950841757826,
    0.011397687377048405,
    0.008419731067324774,
    0.006536167702269546,
    0.005990939528367516
  ],
  "seen_acc": [
    0.9943598420755781,
    0.9942470389170897,
    0.9940214326001128,
    0.9946982515510434,
    0.9951494641849972
  ],
  "blind_acc": [
    0.9850220264317181,
    0.9621145374449339,
    0.9629955947136564,
    0.9409691629955947,
    0.8854625550660793
  ]
}