{
  "epoch": [
    1,
    2,
    3,
    4,
    5
  ],
  "train_loss": [
    2.063956077901562,
    1.7795876588006714,
    1.6137889150063596,
    1.4862237964131724,
    1.3839193696736092
  ],
  "seen_acc": [
    0.44753768844221103,
    0.4531658291457286,
    0.45768844221105526,
    0.4523618090452261,
    0.43778894472361807
  ],
  "blind_acc": [
    0.0,
    0.0,
    0.0,
    0.0,
    0.0
  ]
}