{
  "epoch": [
    1,
    2,
    3,
    4,
    5
  ],
  "train_loss": [
    3.703551103591919,
    2.1511341400146486,
    1.3659011936187744,
    0.8686237096786499,
    0.44849467182159425
  ],
  "retain_acc": [
    0.23055276381909548,
    0.21266331658291457,
    0.21618090452261307,
    0.2178894472361809,
    0.21256281407035177
  ],
  "forget_acc": [
    0.0,
    0.0,
    0.0,
    0.0,
    0.0
  ]
}