{
  "epoch": [
    1,
    2,
    3,
    4,
    5,
    6,
    7,
    8,
    9,
    10,
    11,
    12,
    13,
    14,
    15,
    16,
    17,
    18,
    19,
    20,
    21,
    22,
    23,
    24,
    25,
    26,
    27,
    28,
    29,
    30
  ],
  "train_loss": [
    4.567637547302246,
    3.7216508631896974,
    3.4574436627960203,
    3.309019619140625,
    3.211374339904785,
    3.1301002233886717,
    3.074909680938721,
    3.026388221588135,
    2.983270700683594,
    2.960187725982666,
    2.945431290740967,
    2.9243453677368163,
    2.913027016296387,
    2.900073509674072,
    2.892420012054443,
    2.880916480026245,
    2.8732605171203613,
    2.865649052810669,
    2.858590442123413,
    2.8581480854797365,
    2.8532665439605713,
    2.84172390625,
    2.8384958984375,
    2.836992510223389,
    2.837157927398682,
    2.8378806157684324,
    2.8279741497802733,
    2.828191288909912,
    2.8253446395111084,
    2.826366001815796
  ],
  "test_acc": [
    0.1191,
    0.1681,
    0.2042,
    0.1948,
    0.2508,
    0.2389,
    0.2615,
    0.2554,
    0.261,
    0.2687,
    0.2544,
    0.292,
    0.2651,
    0.2643,
    0.2657,
    0.2632,
    0.2804,
    0.2697,
    0.2755,
    0.2842,
    0.2825,
    0.2714,
    0.3117,
    0.3027,
    0.3112,
    0.2952,
    0.2694,
    0.2628,
    0.2785,
    0.2911
  ]
}