{
  "epoch": [
    1,
    2,
    3,
    4,
    5
  ],
  "train_loss": [
    2.065602800187154,
    1.7873654672344725,
    1.6214622955993192,
    1.4980618744902874,
    1.3914846411230577
  ],
  "seen_acc": [
    0.44964824120603014,
    0.4550753768844221,
    0.4570854271356784,
    0.4542713567839196,
    0.43597989949748744
  ],
  "blind_acc": [
    0.06,
    0.0,
    0.0,
    0.0,
    0.0
  ]
}