{
  "epoch": [
    1,
    2,
    3,
    4,
    5
  ],
  "train_loss": [
    2.0593560119993124,
    1.7788856777977105,
    1.6141946868321404,
    1.4888428847490243,
    1.3879766180718964
  ],
  "seen_acc": [
    0.4555778894472362,
    0.45959798994974876,
    0.4562814070351759,
    0.44944723618090454,
    0.4327638190954774
  ],
  "blind_acc": [
    0.0,
    0.0,
    0.0,
    0.0,
    0.0
  ]
}