{
  "epoch": [
    1,
    2,
    3,
    4,
    5
  ],
  "train_loss": [
    2.06135585176765,
    1.7827514162399063,
    1.6159353958398253,
    1.4881910267211684,
    1.3856412710688222
  ],
  "seen_acc": [
    0.45175879396984925,
    0.4585929648241206,
    0.45386934673366836,
    0.44120603015075377,
    0.44733668341708543
  ],
  "blind_acc": [
    0.0,
    0.0,
    0.0,
    0.0,
    0.0
  ]
}