{
  "epoch": [
    1,
    2,
    3,
    4,
    5
  ],
  "train_loss": [
    2.074932729241836,
    1.7989916689887118,
    1.6391193771074766,
    1.4923600216822408,
    1.3457881145141832
  ],
  "retain_acc": [
    0.4450251256281407,
    0.4593969849246231,
    0.4650251256281407,
    0.4730653266331658,
    0.46080402010050253
  ],
  "forget_acc": [
    0.0,
    0.0,
    0.0,
    0.0,
    0.0
  ]
}