{
  "epoch": [
    1,
    2,
    3,
    4,
    5
  ],
  "train_loss": [
    2.0692017292712803,
    1.7897187434680497,
    1.6242828582255684,
    1.4925793678532893,
    1.3923480473666934
  ],
  "seen_acc": [
    0.4436180904522613,
    0.45457286432160804,
    0.45045226130653265,
    0.45115577889447234,
    0.43396984924623117
  ],
  "blind_acc": [
    0.22,
    0.1,
    0.04,
    0.02,
    0.02
  ]
}