{
  "epoch": [
    1,
    2,
    3,
    4,
    5,
    6,
    7,
    8,
    9,
    10,
    11,
    12,
    13,
    14,
    15,
    16,
    17,
    18,
    19,
    20
  ],
  "train_loss": [
    4.521845901268811,
    3.650864339253411,
    3.3117996511986507,
    3.097945506599081,
    2.9388062438581457,
    2.819649489560918,
    2.717644829630253,
    2.632312300523921,
    2.562968887808335,
    2.5106221186383886,
    2.465305189286045,
    2.4243269010668422,
    2.3921180018036807,
    2.360287063857419,
    2.337978747545175,
    2.3134058999056792,
    2.292163976285925,
    2.275561052916637,
    2.2615401976024687,
    2.2495528040076023
  ],
  "retain_acc": [
    0.1306532663316583,
    0.1951758793969849,
    0.2300502512562814,
    0.23447236180904524,
    0.2623115577889447,
    0.28110552763819097,
    0.31336683417085426,
    0.26753768844221104,
    0.2842211055276382,
    0.29738693467336685,
    0.315678391959799,
    0.32894472361809046,
    0.3415075376884422,
    0.3522613065326633,
    0.3295477386934673,
    0.32914572864321606,
    0.34,
    0.3456281407035176,
    0.34130653266331656,
    0.34231155778894473
  ],
  "forget_acc": [
    0.0,
    0.0,
    0.0,
    0.0,
    0.0,
    0.0,
    0.0,
    0.0,
    0.0,
    0.0,
    0.0,
    0.0,
    0.0,
    0.0,
    0.0,
    0.0,
    0.0,
    0.0,
    0.0,
    0.0
  ]
}