{
  "epoch": [
    1,
    2,
    3,
    4,
    5,
    6,
    7,
    8,
    9,
    10,
    11,
    12,
    13,
    14,
    15,
    16,
    17,
    18,
    19,
    20,
    21,
    22,
    23,
    24,
    25,
    26,
    27,
    28,
    29,
    30
  ],
  "train_loss": [
    1.8538813354492187,
    1.2733288694381715,
    0.9299847549438477,
    0.7623150235176086,
    0.6824884736633301,
    0.6416873138809204,
    0.6079863226890564,
    0.5909092805480957,
    0.5727732969856262,
    0.5583246778774261,
    0.5408616009902955,
    0.5357910441589355,
    0.5243951565170288,
    0.5155366691589356,
    0.5136012821769714,
    0.5087401194763184,
    0.5024584905052185,
    0.49875788740158084,
    0.4875394492149353,
    0.49430754410743716,
    0.4875005255508423,
    0.49295967864990237,
    0.4801496034049988,
    0.47914262513160705,
    0.48011168437957763,
    0.47114178102493287,
    0.47465575067520144,
    0.47102671506881716,
    0.4716289889526367,
    0.4651135413742065
  ],
  "test_acc": [
    0.4346,
    0.6105,
    0.617,
    0.6765,
    0.7418,
    0.739,
    0.7587,
    0.733,
    0.7521,
    0.7875,
    0.7612,
    0.7794,
    0.7942,
    0.7435,
    0.8001,
    0.7853,
    0.7633,
    0.8013,
    0.7718,
    0.8065,
    0.8086,
    0.7584,
    0.7983,
    0.7494,
    0.8014,
    0.7868,
    0.8045,
    0.8279,
    0.7849,
    0.8073
  ]
}